,treatment,year 0,year 6,difference
Plot 1,Gap,81.5,549.5,468.0
Plot 2,Control,84,84.8,0.7999999999999972
Plot 3,Radial,261.5,2132.7,1871.1999999999998
Plot 4,Control,136.5,147,10.5
Plot 5,Radial,189.5,510.5,321.0
Plot 6,Control,122.5,116,-6.5
Plot 7,Radial,280,728.9,448.9
Plot 8,Gap,239,540.5,301.5
Plot 9,Radial,141.5,185,43.5
Plot 10,Gap,155.7,624.5,468.8
Plot 11,Control,222.5,273.7,51.19999999999999
Plot 12,Gap,,810.2,
